Date,EXMP_TECH,EXMP_STAPLE,EXMP_ENERGY,EXMP_HEALTH,EXMP_BENCHMARK
2022-01-03,150.9231685459063,80.02719500435242,59.328102520936724,197.72875582782368,425.1191006174702
2022-01-04,148.04170456057113,79.83532987498685,58.594816966705906,197.60505080536907,428.02429019819476
2022-01-05,150.21283678694988,79.14273292546058,60.190387317906044,199.1898333190401,436.18680573541354
2022-01-06,152.96439575069587,80.60495979548669,60.601803186981954,193.9479477154505,429.9880680524191
2022-01-07,147.48272814212694,81.90358623716074,60.35298840272423,196.3000557573861,429.04531479818866
2022-01-10,143.95189426447666,82.74806865227606,60.9721785873567,193.75010221316037,427.30781253468297
2022-01-11,144.3545053354072,82.09839165279018,58.44549640613301,194.54552755874747,419.5436519789776
2022-01-12,143.54845987966112,82.7395627767614,58.403692256107874,195.1553433922915,423.9006992767197
2022-01-13,143.55699726115265,83.2274931961079,60.812732346508504,197.63590368124625,422.95116393499393
2022-01-14,141.31453052804864,83.57291754123284,60.98457746099551,198.9405233834429,426.05058299966936
2022-01-17,143.73684504083178,84.51925813913797,61.077525846666056,193.71393361607164,435.7934216640107
2022-01-18,145.92021982583006,85.01449327203062,61.76563677467208,192.06166287469054,434.4769910945787
2022-01-19,146.15751058816386,85.59158327156538,62.90054596531221,192.42685737223096,432.8866722200266
2022-01-20,149.3607798337217,86.09426721799743,60.427461851891195,192.06575654641924,433.50777773613925
2022-01-21,150.74306038597845,86.37404391170398,58.4215671422714,193.17295581422377,437.7074865817752
2022-01-24,148.37082043545996,85.0463268903982,58.678780113819585,194.9745518729675,435.5059304079829
2022-01-25,149.46472361144424,85.12940305661533,57.84815588270282,196.38966664488308,433.05246501578245
2022-01-26,146.83598400666125,84.73309222664523,59.40767858455216,195.97824749870426,437.53683065803756
2022-01-27,149.35026861050733,83.80209248718177,59.04052879765946,191.9818270453124,439.2422977576199
2022-01-28,149.26568162776542,85.07464899068324,56.79121401740484,191.05638320680808,430.9718720540964
2022-01-31,148.80120643410626,86.40247221668604,55.36650684037842,192.02437080188938,426.14363541520845
2022-02-01,146.9540356791828,87.46532043012058,52.38920459740805,189.7277832843547,432.36680227873273
2022-02-02,150.44547093942128,87.68335060816086,52.15056377369807,191.1542794073229,434.14764522669276
2022-02-03,150.0633218388616,88.75522673052949,51.96089898835496,193.19761926990387,431.1668326997231
2022-02-04,148.90964308641767,88.78586925372075,51.526132053158605,193.5400901137603,430.60766181962106
2022-02-07,147.977758977652,88.96605567481032,52.66711320687643,186.99412821943952,430.7961261123704
2022-02-08,149.5302431156947,88.133285618755,53.96334825875674,184.36501990752956,433.93705096692867
2022-02-09,150.6232815295182,88.46352330649952,53.78659866306627,188.41321645856874,428.53722069004726
2022-02-10,151.85996185138393,88.53179417767714,51.52911199081908,187.31147901362687,425.278341004616
2022-02-11,153.15914257626665,87.54144346315996,52.18234006108511,183.2052968212944,426.50989367281295
2022-02-14,159.54529256513104,87.52283175017945,52.77792957335584,185.85118877215766,426.2409155613944
2022-02-15,158.38429236363692,87.48220785106427,53.11629839455035,185.9411584019561,428.6843114385866
2022-02-16,156.91759839238688,88.90134947573716,54.18599928066708,188.3480645288167,423.8652187463531
2022-02-17,154.58110988700673,89.62662512803213,52.93664388701666,189.00332623481097,425.4309151174277
2022-02-18,156.45005828918482,89.65708795614628,55.13267046474423,190.0518112128599,429.9760755424062
2022-02-21,159.88413516670636,89.87548803553366,54.08496270330804,190.89917388247616,432.09353100111014
2022-02-22,159.6003658468422,89.93202000087693,54.916457524220895,192.47893457947808,432.7971117663655
2022-02-23,157.14555792996254,89.79267549607837,53.08812731655001,197.57986663931845,432.5403164527352
2022-02-24,154.7743500581806,88.96083223784211,52.109897765492065,199.83371730753962,429.27572897799917
2022-02-25,156.74813511737236,88.86362775575083,53.73561450224183,196.35000047222863,429.11786063389746
2022-02-28,159.02532240491914,88.30191925121645,53.4619783493707,197.41260669013332,434.3919408509883
2022-03-01,160.7266482250523,87.35445047961393,54.38323535242821,200.05087388571604,434.03926502226756
2022-03-02,158.77770111313637,87.77014658956202,54.6520361870526,202.86517353573808,430.53974608711724
2022-03-03,159.5359898531904,88.09457432257244,54.54492550593143,201.9533807629045,428.6757678259302
2022-03-04,159.9484662042354,86.73804116834809,56.07394633399142,204.70678753008352,429.6243422331908
2022-03-07,160.6714324134844,86.66494419217928,55.81567057815714,206.94039402751696,428.244514757102
2022-03-08,163.4009387208857,87.45021125256247,53.8559196892316,213.1365299070638,430.3472812772209
2022-03-09,164.15473188936352,88.29204221123803,52.999076917631974,211.40194314734035,432.61380416179907
2022-03-10,166.33714366580597,89.11573345084085,53.59948425238536,210.25906707607697,436.3994633559588
2022-03-11,166.61251102935208,89.16762024471383,54.03684497858143,209.60019841314983,442.4475369679279
2022-03-14,167.58851346923092,88.52670532251213,52.36461994853183,208.50767311212422,446.7702039678418
2022-03-15,169.6638048615884,87.70560646759733,51.61352584865543,206.4826717902976,442.98200477947046
2022-03-16,165.117639754642,87.99357879819765,51.01967461373579,200.18125656892107,439.35337773106824
2022-03-17,164.18501858892063,88.30949809292926,50.652983276381896,199.26323706617347,439.17614619442065
2022-03-18,162.7933704295708,89.33914539691712,49.274972066143064,200.16607887529923,437.44451302087674
2022-03-21,160.90032248083438,90.23158641033959,48.66224552205312,199.11595549844745,432.8997573115254
2022-03-22,160.12621412654798,90.1479572064436,47.960130199080616,203.60158011566415,431.2315128536044
2022-03-23,164.77667329657382,89.18548604894575,48.71936851433744,203.7001893267298,429.43649516802793
2022-03-24,162.16354710096408,88.95609622014209,49.528139488615864,206.772816523439,426.8522815322729
2022-03-25,165.22052571089117,89.14797549453247,49.39038098189123,207.45562354949269,425.7134972387525
2022-03-28,160.1090004056208,89.01049794876155,49.009143221649,209.47838758823193,430.6149882642571
2022-03-29,159.15890214933032,88.57916386809642,49.15514173888661,210.21260292165033,431.56127915969523
2022-03-30,159.70938432517787,88.79814698459552,48.3600865591179,213.57167956740196,441.8977034291573
2022-03-31,161.54946176305617,88.42548163197475,47.26220002030973,213.7782674157455,442.7485784824024
2022-04-01,163.7972305321682,87.95805459694017,46.38201202936532,215.05576445064762,441.6747281796947
2022-04-04,166.33421393508127,88.22105851963337,45.79931112106335,216.0227505469643,441.830027141051
2022-04-05,165.30393355211757,87.929850292152,44.744547376013024,215.3893711051057,443.0405830863326
2022-04-06,163.9276476366306,88.14040268101627,44.897870807235456,216.4526953054078,445.0054987531747
2022-04-07,166.67009203436712,88.37413620340918,45.570201472968975,222.08054345247555,453.9659596044039
2022-04-08,166.1312326162042,87.51143054171061,44.1421496400445,221.47432110719004,450.495094863433
2022-04-11,162.23514783709848,87.16162560364447,44.171315843573886,222.60423759303472,454.3086946060874
2022-04-12,158.8573582328158,88.29496198648067,43.982687692190616,225.87683840101272,455.3436778120255
2022-04-13,156.17975987219734,87.4155654540127,44.2933357511698,228.89232225866235,448.77403193231225
2022-04-14,157.71349903789863,85.81940209054906,44.28860313729709,228.99887156219995,452.1954104432645
2022-04-15,158.1981984274278,84.44192927166404,43.01631831667323,222.9671671024712,457.7873738928769
2022-04-18,160.33647856925455,84.48379028769557,41.94193372585796,224.35192816486597,454.2364018688734
2022-04-19,159.1070531896107,84.52701933518556,41.97327990784535,218.84899992895348,454.3400172330882
2022-04-20,159.6446437793804,84.45956484897259,42.85942033960889,222.60125019827336,447.13264206914863
2022-04-21,161.60416190771025,85.38922603531657,40.99481567189754,223.1036023102432,441.98378063181997
2022-04-22,160.72274249514342,83.41987904943582,41.28787084577765,225.72197109264874,446.5219836828154
2022-04-25,162.17727205422892,83.73167462506251,42.296454582750755,223.4991445177168,444.697338672926
2022-04-26,160.22158582673686,84.91296712637576,42.172675995295776,219.6721804051253,440.2000178541782
2022-04-27,159.18605572118693,84.09268750520602,42.64958447139973,220.39591937659137,441.2933761452409
2022-04-28,158.10138364950308,83.83150768367639,42.0558694312532,220.38523318594966,439.2576191841931
2022-04-29,154.62676339303,83.29661647496795,41.961256603010746,219.23321361752278,437.444450004261
2022-05-02,156.1151902723061,82.6619523579265,40.61860259676559,219.516757583816,440.648806308757
2022-05-03,154.79478124012115,82.44413862352859,38.749684074988735,226.58969865616206,435.97432421049683
2022-05-04,154.8897151398275,83.50855503891773,39.499220729375885,228.82008895519172,432.395619501957
2022-05-05,156.36227498054174,84.89304740667447,38.728636211673575,231.63637485739486,433.16095267923873
2022-05-06,157.74680073444583,84.66212894790404,38.38054421828248,233.94140473675793,437.28359159896735
2022-05-09,159.8031589588696,86.11712795164289,37.328480577110405,237.97812090173034,442.5679229195596
2022-05-10,159.56615238796192,86.16473321235148,36.2880410832425,237.54476025604046,439.9328968950744
2022-05-11,158.35446707293528,87.52863145657614,36.16666976033754,232.15141424484838,443.98558158980165
2022-05-12,158.17569901242717,87.4775359696194,35.644150222113566,231.73256746513164,440.84579354273865
2022-05-13,153.26919117608975,87.5996269086025,35.922297093699356,233.9531163490713,448.6592523267884
2022-05-16,149.1906359177137,87.90342860466653,36.25707290838618,231.47150435839072,444.0170963226029
2022-05-17,145.56245447390884,90.42425625943108,36.49795261111655,231.0859022026428,449.76647866153775
2022-05-18,142.89870540234207,91.12744988355058,36.679568164705266,229.35662818478158,447.12482273661493
2022-05-19,144.03668618497653,90.58244920198015,37.87073537108646,233.37394261597774,455.854505634448
2022-05-20,141.64629511532814,91.38168940994169,37.07014618887153,235.4438966933495,458.5519766744795
2022-05-23,140.69064238436567,91.11231256869485,37.034819814784605,237.26863265879496,454.31268474834064
2022-05-24,144.24215878574512,90.74130426887871,37.89599353529518,239.02635228034782,452.2176109386608
2022-05-25,143.3282957296468,91.49319953626016,38.8803930878478,239.00488219086284,455.71037841271016
2022-05-26,145.39475500999788,91.54015106768054,37.78771299823423,239.62054189092572,460.40959973351596
2022-05-27,142.90581258793264,91.787248526789,37.55631242305757,236.5005199357141,460.24586137600045
2022-05-30,142.40574456827326,91.82050236445647,38.60464428263424,230.78603465219652,460.58402743135963
2022-05-31,139.9245843277316,92.11546855288161,39.008066877616315,231.2560004867274,464.04130685128035
2022-06-01,139.08335857053788,92.48344160953548,39.16794053738223,232.1843267316595,464.7647900321871
2022-06-02,141.36296047130563,90.9387374603082,39.002448493488394,235.46820153858073,459.2622867404148
2022-06-03,136.87450265934032,91.49676096323908,38.70782185968473,239.7809245546821,455.89024747961776
2022-06-06,138.05487987083984,90.72943755090148,38.939361909571524,244.16893476027553,457.0470180915102
2022-06-07,138.7288142719554,89.60408138684724,38.74773092817817,241.50166250277357,462.4710678998551
2022-06-08,137.2315515499747,89.57933169051061,38.72044911258646,240.61895599220068,469.73377485380473
2022-06-09,133.58242670370885,89.66712047637554,38.78781808949498,242.01352316075292,473.3544428035343
2022-06-10,133.81507633661613,89.14166906279928,38.26713988971298,249.14504717073336,474.7895251714305
2022-06-13,132.53269000126468,89.81884355009205,38.68578615537113,253.4459366853343,478.3103200991911
2022-06-14,133.16693388667997,88.78314371215285,41.03280498234557,256.76874199611115,475.4548970407439
2022-06-15,133.27217078118625,88.48621624893254,39.59509127557428,255.7272075402341,474.91537356941046
2022-06-16,137.41989890093785,88.05200229736127,39.86068898272163,253.26320349297075,471.3787089498386
2022-06-17,136.8512790565786,88.03686110133975,39.26056484976225,255.6238919775263,465.99495847388056
2022-06-20,134.2803100998238,88.27472650880401,39.72631785516506,252.53741255318988,467.612077166868
2022-06-21,134.78682504313704,87.51445259306202,39.76974172677653,251.93933687793145,468.5788980849053
2022-06-22,135.3994078724221,88.09628939199975,40.39144002643094,251.69534605673465,471.7809073386523
2022-06-23,138.97474169619454,88.16631125321159,41.36635360323695,256.36799094918905,474.3699346806751
2022-06-24,141.23869132818052,86.72814209500899,41.53351322332978,255.42390238771543,475.60740907329097
2022-06-27,142.24807190518382,85.26330366763077,42.498749259205056,248.53870199021938,478.26490626315376
2022-06-28,146.29181036294892,85.2744093339623,40.54335968517399,250.04752009280563,478.2214734843583
2022-06-29,143.09586669853698,85.12872664365926,41.870707773631736,248.1559445118111,480.2409301568157
2022-06-30,141.4295366316377,85.07143805489062,42.194968941624815,248.35850503364804,477.1061468126337
2022-07-01,139.02697283459642,85.0707665732581,43.12842284753418,248.1969757365238,478.9254213681624
2022-07-04,138.05860028382784,85.26052745330537,42.08729136089698,247.51018087179492,482.1105006448821
2022-07-05,134.56378118246246,85.99661806106886,41.394708090737716,249.82130331129292,479.2191208081194
2022-07-06,136.2400638410401,85.1783961473943,41.52305671743429,245.5983213191495,479.60373689987574
2022-07-07,135.7202626086525,84.32268323194548,41.51518953649037,244.24394749095012,476.93500558826133
2022-07-08,132.04955022891025,83.53348630732324,41.7591867010564,246.2275999398173,474.7164622960418
2022-07-11,129.58818001700337,83.76661000654195,42.68874092200822,244.60038176655837,469.843951294881
2022-07-12,130.40740244791755,84.7116191443405,41.20277787416255,240.2586785781839,475.64585245150465
2022-07-13,132.5393394109342,84.41014576290775,42.02606385498817,242.16744661222305,480.6098643920804
2022-07-14,137.68812360184498,82.58793255832614,42.03955284998131,245.35267145529542,483.2077188041593
2022-07-15,145.53767129708817,81.3755337222838,41.87366134304703,245.3090864582396,492.4508314113477
2022-07-18,146.7372465014915,80.7991830619865,40.65639305138926,239.99489044177434,491.72465581488694
2022-07-19,144.0729862403097,80.42194102652594,41.07709104128984,242.00420873444455,506.1731878823535
2022-07-20,138.43558355424085,80.15195552154086,39.132005951134545,237.57094572328387,505.2439734625085
2022-07-21,139.19020401371037,80.19838836264418,39.65293871131226,238.48353971167154,506.6220585180423
2022-07-22,137.1198297797429,79.99730640095136,38.48393969362743,236.17426365120266,504.87916878202475
2022-07-25,136.09901648020687,80.76035252336519,38.53136488357374,233.16611423783837,506.81689107032065
2022-07-26,134.58448257702517,80.29947919214565,38.44483406159503,232.07785267995916,510.9941263199088
2022-07-27,134.27748085832144,79.71016308933237,39.36802637463697,231.67303089857833,510.6039225014465
2022-07-28,137.06160941587893,80.06663845614013,39.23254343595203,230.06340221747723,519.4108099734505
2022-07-29,137.5208375696492,79.00847043871558,38.693361280011956,231.68130458565503,520.7485833688509
2022-08-01,137.16087665942385,79.29941203324023,38.30612710289478,230.58909764730737,522.2444150852743
2022-08-02,134.55317673506585,79.3901287208123,39.30779058784744,233.2437835647597,517.9397825334055
2022-08-03,130.41060048607318,79.30590623177987,39.74116022166662,234.06642244777896,520.1545245983949
2022-08-04,129.26629342489835,80.44379750825132,39.43949914601942,232.29959959391851,519.6585659235828
2022-08-05,129.1836656128897,80.02269708530196,39.258009494173265,230.1063562324003,516.8419732216082
2022-08-08,133.6230632396625,81.50947888675162,38.04303939687878,225.92279096661954,513.2241417272642
2022-08-09,134.00295023839573,81.36702472090468,38.34802421164919,226.74418690051695,526.5103366465826
2022-08-10,136.56638475576358,80.47501404150105,37.01719093545751,225.9094706969119,525.3653041954548
2022-08-11,135.33484162008776,80.5438916158164,37.58823810644798,219.9870580524436,518.3440028289625
2022-08-12,132.38782295887458,79.80208019238782,37.69162499081941,218.72753472920158,515.0963895459099
2022-08-15,130.0441046386723,79.29369340585583,39.555641046150974,216.57623186661934,515.0063738710184
2022-08-16,128.3223117073034,79.5908383919568,38.69404200368054,220.55379643900582,517.8353294775386
2022-08-17,133.63957540053894,80.00088147107547,38.61999431552227,216.40820993878398,520.7198229906326
2022-08-18,131.63075277006834,79.5821274827201,40.05182220646995,212.97092260326244,524.2234558564505
2022-08-19,133.78360624797153,80.29734222009161,41.03167366029328,215.74001645287794,521.2017374203207
2022-08-22,131.56971724057695,81.14061766268442,40.46607420898818,219.15754243603308,523.0444958566857
2022-08-23,133.95701160043023,82.19459534158146,40.655440978977694,217.38632499767635,518.8947427135598
2022-08-24,134.98596540990766,82.59898778835972,40.66333993935929,215.90563351515186,516.0266848065055
2022-08-25,134.63772047388346,83.61815202198113,40.90141308663552,217.49185958631213,511.7311779873028
2022-08-26,134.58477044004556,82.26225963388787,40.335602140044564,211.89844584537977,506.1751344836714
2022-08-29,132.9797583549363,82.05154509517516,40.269241725724186,207.54241280581874,511.450629363312
2022-08-30,134.15607757568793,81.44600372902286,38.9986958272923,206.95161872346088,514.950267693869
2022-08-31,133.05764890626602,81.5511664038951,39.111087957268694,210.69080651202322,519.8869835946501
2022-09-01,130.06023600544083,81.16059226096736,39.473578075379656,209.72213998778932,520.2426941785359
2022-09-02,127.00467935115284,81.06111098691505,39.29908210149685,210.03214007795515,524.2391980978996
2022-09-05,127.46763895434555,82.43758305111434,38.046106944216326,212.82049600169665,515.7478300332343
2022-09-06,131.37837571321535,82.33395008941189,38.817829428181724,218.0384526738301,520.1336797686047
2022-09-07,131.82589379248464,82.65470364097001,39.110139857095994,216.6889962343151,521.167756878356
2022-09-08,131.5802584742103,82.50527238090231,38.54786224061263,216.71968789256445,524.42902998503
2022-09-09,132.342808006495,82.58010700831761,38.33633876519422,221.3173095470613,526.4800775688162
2022-09-12,135.70096574931208,82.6042198747325,37.19973195392974,217.60247387749993,521.7555571848981
2022-09-13,136.3161209651626,82.95128458725095,36.444304777316276,220.22595724535825,514.5828392745245
2022-09-14,135.3126188765175,83.82819763297573,36.05688784898008,217.77012294590344,511.29195734779387
2022-09-15,138.2234629599893,85.07531954977162,36.966589325661204,218.09581654063038,514.1891730583748
2022-09-16,139.4005427113852,85.32832458527842,36.498724147374666,217.5689887549335,517.7147887041768
2022-09-19,143.55976593576264,85.79362143951374,36.978503883021624,215.28994459039188,511.22568693891554
2022-09-20,144.1120648952053,84.94753914948498,36.58503588744596,212.9741742538305,506.66656903677244
2022-09-21,140.86865337269384,84.90201003348014,36.77401282727476,213.71379101174148,503.37312666198375
2022-09-22,137.32482782561772,85.62944698687582,36.674992714854646,216.21182302462313,501.8332946346078
2022-09-23,141.73026584280373,86.30652859867067,37.33190266637411,215.96579933005455,495.57084063186426
2022-09-26,146.478245022892,86.48840481629989,36.93728392776139,216.20944851029415,489.10915497230667
2022-09-27,146.03718910613165,87.18798244419094,35.79027554889984,217.68665180259075,485.4773199205152
2022-09-28,145.0381387373048,87.58708449889332,34.81236772560336,215.37314244787126,486.0250150602352
2022-09-29,149.15595237662632,88.54032915853495,34.44641898323948,217.25937894744115,480.7834813110872
2022-09-30,146.12292303325398,88.78777234573332,33.595103586233186,219.36016139604982,480.40778035015774
2022-10-03,143.72711095747997,88.53083118470217,33.87927244150108,226.00787380548599,485.388775876735
2022-10-04,145.54002819573617,88.8146484742095,33.56783643503813,225.1209374384826,479.60459656110754
2022-10-05,144.5131930707382,86.56928470185237,35.2191474556637,224.02914114917033,478.8195376038945
2022-10-06,144.55368988737638,86.88285318929567,34.012048555088434,226.06621224619633,483.6295974367063
2022-10-07,144.1622207547815,84.15190919635396,34.15720888291888,228.2515337031939,481.87249910699757
2022-10-10,145.13955705256075,82.9023143163781,33.39446711171767,226.94630792005577,479.41728906905763
2022-10-11,149.10811295112265,83.25316050517073,33.06906201728127,225.98634229842486,484.8685810836016
2022-10-12,149.41990713809986,83.62448784084069,33.16857461480997,227.45284718409175,483.6188273765341
2022-10-13,151.30638101994776,82.79135308638466,31.65454585870626,225.4033735009449,488.8452839635982
2022-10-14,145.6110706803167,82.29269670248291,31.81092236274798,224.43117500203869,490.9841708349922
2022-10-17,145.53192242187296,83.31330731382349,33.05995325529095,224.7340080011303,489.54912340543996
2022-10-18,143.2851771973161,82.9782422986854,32.76419128086654,227.36188135435467,491.9268175692047
2022-10-19,140.07534730204623,84.65617210889118,32.94130667002476,225.88363445057132,493.5728287343171
2022-10-20,137.82185385925678,84.67496425611125,33.634147305171055,221.28729582283913,498.51284674759717
2022-10-21,137.00598099380346,85.00052273504119,33.52833211214051,216.60213805506055,496.0915476513202
2022-10-24,139.45061119747277,86.2418696939065,33.14307274180391,213.6019728649715,496.43985704658434
2022-10-25,136.04980267978948,86.36221264411185,31.661871403064758,210.51501076925004,496.3064475621368
2022-10-26,136.17991008684152,85.62260046063214,32.078572655117235,210.2161693467632,499.7758252085107
2022-10-27,134.99043467831282,85.56022005059509,32.01040468176794,207.47031827350884,495.1125524709633
2022-10-28,134.20768207765812,85.55378887736092,31.368405022535047,205.8921179655983,500.0495258934444
2022-10-31,136.82678628198164,84.55044061701052,31.453400299501553,204.16072743028013,502.4147822650181
2022-11-01,138.27745389144377,84.38004573808195,31.090278227680475,203.21107419863233,496.35667232770055
2022-11-02,141.87035318981393,83.84956652558071,30.765596589635788,206.34995590172474,502.2129717735025
2022-11-03,141.51004954734753,84.55610484189101,31.14870654732772,207.97374844326657,513.0877953873751
2022-11-04,139.71374364090477,84.60212746112646,30.324241306899367,208.08097199583582,518.1298636377588
2022-11-07,139.17638579617739,84.41155319236202,30.97601811123542,207.0649030481119,525.327643862876
2022-11-08,139.86837949967202,84.35269263744425,30.120095069461644,206.11874371413296,525.915911143743
2022-11-09,140.3888034506622,84.53903419296701,29.72497860504215,206.954976308853,517.8854554994011
2022-11-10,137.592953852848,85.02046988095645,30.904587720234133,208.3996557933593,509.0983852172368
2022-11-11,137.8804212699484,84.29430491599379,31.61981392253254,206.334529803747,510.4864465159971
2022-11-14,138.52861227784535,83.54348333312552,31.686965924838574,206.48855255492063,507.79758521327443
2022-11-15,145.33329089259433,84.38152661035113,31.096649739580545,201.85328353880888,503.5854855371326
2022-11-16,150.63740775746948,84.09532006019424,30.771376681664275,202.40573312677213,503.4442997438964
2022-11-17,148.28378091876644,83.0708978585797,30.821607589474716,204.23039881838793,506.53950370033334
2022-11-18,147.53623779217654,83.41660442153292,30.849679294110334,203.6505678537141,499.78976780810063
2022-11-21,143.56592759272297,83.77819826967146,30.79796255984253,207.95789726515616,497.82994897453455
2022-11-22,142.02569987980007,82.6745701036571,30.78356612857031,205.95874405171114,505.1411967474834
2022-11-23,142.92919737075857,82.86185192161557,30.65554478549696,206.53584056124822,500.19097103252767
2022-11-24,146.2788687666537,83.42106942047123,29.781874247548565,206.5206246428122,504.4763387436119
2022-11-25,144.33160354849582,83.71695916586184,29.477936023249192,206.35449836594333,502.3279348640304
2022-11-28,142.61208230144172,84.20497601997414,30.031087894669305,206.1557196370223,505.0830793879805
2022-11-29,136.99237520116327,83.18844172960465,29.218557837001377,206.47488864105927,510.506923500929
2022-11-30,136.62338913200443,83.45159851554254,29.111606343265695,208.5390446954963,514.2559784407628
2022-12-01,133.9581442689582,83.24906010479725,28.63890821465611,211.89288522870342,518.8549709781856
2022-12-02,132.67452046844463,82.91516019213918,28.707683430827082,211.95795148315196,513.4000514712404
2022-12-05,130.54327583781077,83.57416041543728,28.48804888590071,213.99770013003484,518.9932948908167
2022-12-06,130.360068143276,84.69183942321752,29.353743565068022,212.37222605614443,514.9893759378866
2022-12-07,126.14845359768498,86.06329341367486,29.65959885947061,214.29598706525664,516.4152605673312
2022-12-08,122.74534600610448,87.08785179232152,28.890023097881265,212.523069423312,517.8387536809932
2022-12-09,127.83339618430719,87.02439870721153,29.288090538564184,215.23920808285024,520.3805572507769
2022-12-12,124.80778178725211,87.31638335915476,28.83873422105396,220.77605379265023,522.2032218924137
2022-12-13,122.29357334440746,87.92988570353833,28.509638880745705,220.54397211029038,518.2180352882531
2022-12-14,126.66120945021319,88.04493608547924,28.694980199335774,215.20015065081654,511.81003106596404
2022-12-15,133.8598655209417,88.16759061229749,28.41631561068793,213.93805384388136,516.2075655128143
2022-12-16,130.97807319508684,88.83166291133152,28.93684577244399,217.01949665903902,517.2764313337042
2022-12-19,130.1187717222804,88.80644408190135,28.49295991488614,218.45740152483594,523.0884160630259
2022-12-20,131.01075765084306,88.2581813928124,28.144000752889706,219.1477130862399,523.0307819579315
2022-12-21,135.41250851269592,87.95716886487193,27.77835136520796,221.74226860596627,516.293428465243
2022-12-22,132.96060435473558,88.47140845229032,27.467644608843592,223.0378483426295,521.1911322822137
2022-12-23,132.39561783368634,88.49488190116425,28.08737928266875,226.2140615563474,519.5326501562121
2022-12-26,134.4055643322394,88.78200451289574,28.450042365910047,228.66076970386297,521.3772075871822
2022-12-27,135.56552722093306,89.32955622753178,29.452324816469595,232.7177977914548,518.3591646960798
2022-12-28,134.6560058550765,89.05601090813049,30.834624382925224,233.74422362466012,526.6404517018477
2022-12-29,134.3665333851913,89.67337287996438,30.205224095546324,236.23443309901106,522.4596739506263
2022-12-30,130.9696065449538,89.99497588074371,30.252788956915776,235.49147625879425,520.959284704082
2023-01-02,130.4305900977858,89.0415136335939,29.54848210869244,233.9686971844982,521.6514711762132
2023-01-03,129.82455244902482,90.202895535271,29.093398180499666,238.62011236169943,516.4569998823338
2023-01-04,130.44458818884917,89.82688007305642,28.73063515575623,239.28537316119977,518.2343992898564
2023-01-05,129.13144139558773,88.54638890946951,28.12918669070428,241.55951872069244,526.3525685135141
2023-01-06,130.33643066688387,87.75501860823357,27.543253497299798,241.979138191473,524.0826174286367
2023-01-09,132.90499503002388,86.98913012942212,27.467489135395752,240.45515198784756,526.2074819958815
2023-01-10,133.3462157919232,87.04995803348106,26.806122753984656,240.565082902244,512.8730583841524
2023-01-11,134.28621133267603,86.8607219357758,27.269257656525614,244.59550576306555,512.8446735083006
2023-01-12,134.4718594039586,86.62376917186165,26.7735315398072,246.22216043907036,511.4897505022396
2023-01-13,134.5227772645024,87.11929577743473,28.337990519020735,241.57028785432541,507.7077423545298
2023-01-16,132.7508882738322,87.40169735928743,28.08563508158561,241.06156919889474,513.0827910024977
2023-01-17,133.59762912786104,87.6665902797538,28.130768621230512,246.06463034917954,511.66340927201145
2023-01-18,133.40251083128376,88.00504200300013,27.40995559757624,245.55047761327248,510.9657182946799
2023-01-19,138.83762739763802,88.50568561904245,28.373392886027805,240.6682833793218,509.3069412578703
2023-01-20,143.08168615909076,86.89628508632455,29.025443767058338,245.97189077420302,500.3216318381232
2023-01-23,144.18316891605613,86.63813942427223,29.204185738766267,247.9649505379917,495.15328873225707
2023-01-24,142.17249244609496,85.00851016839619,28.426364072808447,247.85058287417448,499.8266651712928
2023-01-25,139.2673461262439,85.05586523457245,28.55173315795674,246.89104713629618,490.113358905088
2023-01-26,142.4915798705377,85.0727105081659,27.9178336497049,250.02286947702336,486.7293453814316
2023-01-27,143.2548750936159,85.8812841222671,28.757481603470378,248.57370897825808,485.0459894791214
2023-01-30,144.61517206982876,86.80626227980639,29.234916453964974,251.91505840654648,493.2577654007043
2023-01-31,139.97777172339556,86.98241413700899,29.29572504033582,253.55288414256984,497.00844159089064
2023-02-01,142.5064925710175,86.62011650802395,27.895987285171067,254.3418909134183,494.5532077818896
2023-02-02,143.789767066557,87.01231745312411,27.352639133892907,254.84662959333693,500.8435316505097
2023-02-03,140.85684607706307,86.62883965124125,27.738766531778776,254.42612028381765,497.5066997957968
2023-02-06,139.65988883463623,86.64847256476588,28.42969944663334,257.54629348236796,502.4301475011513
2023-02-07,140.41058384776073,87.42621514146043,29.076988377370288,255.11641202131838,496.1751241383784
2023-02-08,140.6028691580849,87.01799967633035,28.163000756556414,250.5507753829682,501.38926254106036
2023-02-09,139.8813905842609,87.65943912726027,28.339080203201778,252.38639632394398,499.62492569345505
2023-02-10,139.66072563132929,88.20576327357067,28.92963808263055,254.2838954466091,494.9475100888412
2023-02-13,139.0496623456066,87.48704459804584,27.98284585026299,255.7573910623074,494.08738904290476
2023-02-14,139.50372410295094,88.26278417037744,27.982695532451906,257.0280052509941,495.53875201230005
2023-02-15,143.49165289317708,88.82944771273108,28.141923797045926,256.1806865200042,493.3817056922922
2023-02-16,136.74919633490325,88.93057455392369,27.976126980657998,258.5643906820594,496.12603337146896
2023-02-17,136.18979975559378,88.35579889196758,26.955016831683047,258.5168086327471,493.5547127943892
2023-02-20,136.69637898277333,87.70976477553293,26.782747890970203,257.1783740591373,496.61157818304326
2023-02-21,137.5149996244873,87.31570877258687,26.610717702094796,256.35569949824173,498.8469291217698
2023-02-22,136.6033482967251,87.75549741993612,26.535492192464783,262.3843389737529,498.715665468668
2023-02-23,132.19254335003336,87.0398079052529,26.239833450048728,257.3585198330851,496.79524227964015
2023-02-24,133.06464165767514,87.39717507777095,26.010551939855457,258.90721018449034,497.6626210989191
2023-02-27,137.53189755854808,86.46594135738943,25.993743237906024,254.10890950996964,500.4132659421212
2023-02-28,133.65282781132126,86.33108826214149,26.230657993741016,253.88165714664134,510.4174700873545
2023-03-01,135.9038159439085,86.43525695635675,26.074196374434948,252.7204426070055,515.1294087830825
2023-03-02,135.1135911815514,88.34049142576089,25.863750730851844,246.8977908859265,520.0645229452946
2023-03-03,135.00798215036406,87.29478072902006,25.915935593035194,248.0718098813711,535.6329242104271
2023-03-06,132.3980580793159,88.4565536897733,24.93543779396318,247.08726487720796,538.4189275593358
2023-03-07,131.61346521254427,88.5946868057629,25.18025331663664,241.35559656989645,541.0592994460729
2023-03-08,134.93792400928987,88.93777535003501,25.1838447120391,243.74526826784776,544.8408320968892
2023-03-09,136.4833983932464,89.05192185182574,25.20788445095946,247.82619596507328,539.8397673840367
2023-03-10,141.07865616946316,89.42323985048283,25.70479041859665,252.13297812094265,537.7481846180939
2023-03-13,144.30737270155316,89.32345573956313,24.71638241517233,253.24549707753044,535.3496272090829
2023-03-14,145.56467647990974,90.49788875731223,23.755913687550795,253.46206131207373,538.8040273339825
2023-03-15,150.49874549444155,90.15583865740182,23.891071980256545,257.393636469046,538.0861213604088
2023-03-16,151.8097244114053,91.0823436660224,23.89132297972949,262.4381798475984,538.9577666517774
2023-03-17,154.2619935082441,90.58784816688102,23.977113009572527,265.92160560081635,544.6945577955577
2023-03-20,153.45766537435068,90.5613566854615,23.7584465817683,263.1852235456404,549.3268947419058
2023-03-21,153.70870960736357,89.73067314757905,24.082470057755234,263.8745054684884,548.6595277832305
2023-03-22,151.75330788488876,90.11300412488028,24.543287432597495,265.2810463791903,545.3674144957085
2023-03-23,154.67630688271774,91.2906329527811,24.787723904931628,259.9796161020311,551.4215391318612
2023-03-24,151.32710154814535,91.25017018397864,24.66153364790224,261.45385824974966,555.6422460305233
2023-03-27,153.6390077532767,91.1136271615078,23.639324822407733,268.3692047356365,547.4436009742731
2023-03-28,153.14416964811377,90.24392383143808,24.012437949465852,270.4135343032718,545.9966924147822
2023-03-29,156.63076757672656,90.08313685166803,24.61494176232657,275.0607189457422,547.0222029429797
2023-03-30,158.9291190774363,88.84779619405892,24.940692133530586,275.72347663425694,551.2349589721225
2023-03-31,164.55457420355216,88.15642668386278,24.506116401969667,275.58628924568313,556.1696045426074
2023-04-03,166.90580325939,88.3540259772952,24.845064521113613,276.8723418023879,557.8379184326616
2023-04-04,162.08126037596,89.40917075860182,25.283695431898533,274.4141536970093,561.1066648082432
2023-04-05,161.93734559228622,91.67383977827225,26.094811171162217,271.521908744606,561.6222981550621
2023-04-06,158.44977005188971,91.22260723949447,25.641951509533833,275.54030486173156,558.2320614491963
2023-04-07,156.96456051342383,92.40672886580029,25.52909581307222,279.9545739812051,557.0296890505296
2023-04-10,161.57292160156294,92.62771388807445,25.920557270234063,276.9181027752118,557.3037871361456
2023-04-11,163.59302820386685,92.5263429799958,25.95456780384835,280.0674365646029,557.295322808399
2023-04-12,161.5072848283039,92.90220737436086,25.380429331296906,279.884474031924,547.625036463807
2023-04-13,158.5024064035781,92.97515874864658,25.597385701261757,281.05841548928237,545.742606670565
2023-04-14,158.6604339571248,93.08795835293805,25.901708080517526,282.62288879415917,546.203185830386
2023-04-17,155.1127762940667,92.77549698377548,25.951672260151838,285.92252278967516,544.9231879682136
2023-04-18,153.2155979490469,91.66047712764478,26.070813541041005,286.28601132549363,543.823681580433
2023-04-19,154.17980331006166,90.44271606939317,25.939201113710883,290.9971939838738,546.5078461532403
2023-04-20,157.64249898561752,90.98700061511188,26.72791838585595,292.1170493739371,541.1334804328808
2023-04-21,159.52669887210664,90.78692426977044,26.25106007363796,294.2897128642459,533.0391771493858
2023-04-24,152.82400754162964,90.33248565978218,25.946093700181756,291.6192257920735,531.4544691369092
2023-04-25,153.7635382477093,90.36084561031655,25.955836091716936,298.94462697506845,535.4728732469337
2023-04-26,154.03105642171704,91.01829972540321,26.423889279266767,300.64140702236017,544.2499504747165
2023-04-27,155.29911359829052,91.1849746201054,25.642169958768743,303.1826370041165,548.4584508310895
2023-04-28,160.17604612180457,90.68057437695458,24.977592644641938,297.80318429250514,541.0708534625725
2023-05-01,154.10881508390713,91.68849756823255,23.976072438758795,295.13615389744245,540.0528870936394
2023-05-02,152.45433731180367,92.99659986304215,23.995573920414653,299.40752637244555,541.5332893831358
2023-05-03,154.2244775825795,93.42541341779857,23.46430746481895,300.4830027197039,542.6123274087063
2023-05-04,149.73945949308995,94.25361626202088,23.286705118408012,294.13048819246933,545.5549689140801
2023-05-05,154.03296631632847,95.31442286710408,23.602879123385925,297.7127653809593,541.0170370349019
2023-05-08,155.16745929441277,96.29212781473555,23.303192862874383,295.9811498536172,541.5183345000759
2023-05-09,157.72938854532003,96.83817666388302,23.41569583143512,300.85581783636115,543.8432717878275
2023-05-10,156.09549962371995,97.37379384297009,23.278412820874237,300.65628927112647,548.27416294374
2023-05-11,158.5743659929419,97.84445088000382,23.599581104952552,301.4551990226895,544.2858879467607
2023-05-12,161.8698905710059,96.92526930199499,23.830365097584327,305.61374689191484,542.6831935046844
2023-05-15,162.64514985435517,97.54940311291233,23.503903363046142,302.62002193755023,529.1593084325802
2023-05-16,163.4288255090418,96.41296476650437,23.427739672948174,299.33180702125804,526.2254710353237
2023-05-17,164.3278583838114,95.76256649732181,23.929562849541227,298.76494813972664,523.7879977900284
2023-05-18,161.72944733580064,96.89298426025628,24.123786235273407,301.68062818272114,518.9281062936195
2023-05-19,161.33997992079026,97.6369539829986,23.45754507085057,297.26106080649424,519.9032506272434
2023-05-22,160.93626133239331,98.94979075956023,23.773278092649747,291.788595035465,519.7908936660644
2023-05-23,162.16767671140605,98.7365807562616,23.262728715966116,294.6246600812632,508.9712535191318
2023-05-24,165.3232631328269,97.76166362820946,23.938307719741946,292.7144662068602,510.1681603106891
2023-05-25,162.11002319554467,97.57789136666061,24.44138665153338,291.5124545289522,505.8706776970805
2023-05-26,161.78847881471663,97.68906858517299,24.588414576844404,285.5339737146694,508.3564568559899
2023-05-29,166.44478921886932,97.78049984915975,24.67026973734803,283.4383550973139,502.393176097238
2023-05-30,164.1840649340385,98.78662094492853,24.57031822802884,283.50829777591355,502.69270934061836
2023-05-31,161.71346991921038,98.49590397146541,24.912529353655287,286.61029181265263,501.50617763007625
2023-06-01,162.39412919742503,98.82578024535185,24.73083008066084,284.2093277936193,503.1017667592036
2023-06-02,165.06851681250956,97.99128256937718,24.852373404095818,289.69726235305455,503.8523393966553
2023-06-05,165.16641764414155,98.40472639016895,25.29694835721266,287.55290444450435,502.7960762736489
2023-06-06,169.4309613170335,98.43093542495697,25.015929025787337,285.42915807424055,495.7048871393197
2023-06-07,172.26162632379157,97.80554725808825,24.710925484897174,290.54498013417896,488.9865386675171
2023-06-08,175.09002889023864,97.62565966519782,24.12680097792987,291.3393309879635,486.4481156940744
2023-06-09,176.99988699686767,97.49050384027514,23.618245104640504,289.6177184982253,486.56208557077804
2023-06-12,185.02937331226673,97.2817416320156,22.76709960764069,289.2048720003498,483.9248409709425
2023-06-13,184.38286425707696,98.8369943703198,23.108082034252362,293.7738602521081,486.94433020512093
2023-06-14,177.5990269299405,98.77481352043785,23.969943369588098,298.7980734200202,485.8130675142029
2023-06-15,183.13487319722555,98.58612935016693,24.672433924803077,296.14197395998883,481.5537724818362
2023-06-16,181.62609872809864,96.8023901783947,23.880489126372655,296.0979662395463,480.4401385392236
2023-06-19,182.0653892594452,96.06493866529678,24.23571655941764,296.4993981567679,481.61705852636453
2023-06-20,186.69776325392166,95.86521615718213,24.94437569378392,293.29965994832145,483.24882466278007
2023-06-21,181.1976084316524,95.3098767125917,24.719537386709693,293.2120147338063,492.05632930807866
2023-06-22,177.02859446299024,96.50143202627777,24.77395437595971,293.3272389747769,489.10886927426225
2023-06-23,171.81648262272623,96.3841840536389,23.794905981344662,297.2430464295683,488.9221591969932
2023-06-26,169.3209734176312,97.50893564229727,23.926876990554156,301.44078480716075,491.04819803576794
2023-06-27,170.79798769683578,97.58532212324002,23.422966295951113,300.4175231438555,491.0929708262543
2023-06-28,172.56339960095147,97.64068895504846,23.521037621840147,299.78926863739514,488.9281582211498
2023-06-29,173.532131502956,97.5875651842099,22.795845720087772,302.15637951948844,481.9734158412366
2023-06-30,169.02404733272488,97.614148600725,23.050219117187012,300.2579152184405,479.80248316091615
2023-07-03,161.86475314831782,99.12876723068212,23.53483062591677,302.3692384203172,475.1076888159205
2023-07-04,162.09219848238828,97.14469122877114,23.169761023149015,302.16846353965934,467.5653345571484
2023-07-05,160.71402685569123,95.46774520216948,22.648277207345497,298.9646327099097,464.2081884837952
2023-07-06,162.17647823021048,95.03421800658717,21.688375297692588,295.8369069109987,459.78157829159875
2023-07-07,164.40415809263442,95.06910317892006,21.575534110214832,300.83109326899506,462.4693623836345
2023-07-10,164.89637997333736,95.67232454227253,21.327346642328397,300.3978738509932,465.24892980063163
2023-07-11,167.3453139284813,96.09527936941014,20.674033342062135,306.1393066784821,461.4364026795143
2023-07-12,168.13514618334023,95.7930706715584,20.86690587252759,304.46273565663216,460.4470241999782
2023-07-13,169.89190180515732,96.68094793701931,20.681671450350382,305.5713176893696,452.57412714822243
2023-07-14,167.70764820657345,97.58665173255363,20.241137439866353,314.0795006805476,450.6058421382953
2023-07-17,167.20237778083268,97.76853970806792,20.01920133644964,310.4395019701323,452.44921181264726
2023-07-18,167.88859333769375,98.62567034838072,20.459377149048926,303.93151234207244,456.1323223993616
2023-07-19,170.57654483703337,98.88672174228657,20.712747920704714,308.50050743422565,453.2109935666488
2023-07-20,169.3758338460685,98.42177244084914,20.66171026077685,305.72343737037113,457.8810254965181
2023-07-21,171.11677773964485,99.05300383836872,20.924405267848027,305.75332378091605,451.51109141158935
2023-07-24,170.32346038921477,99.17336736537737,20.443569369198666,303.8297455755245,446.3589565646809
2023-07-25,170.00961313870548,99.19823376385119,20.460063515924592,304.8563606172245,449.5025999494244
2023-07-26,172.76087343171213,100.5192576654015,20.524074689605328,301.68854855995596,456.7995847724213
2023-07-27,166.4375372393097,98.3933830235628,20.333739011351497,301.1737678290115,459.07782239193585
2023-07-28,162.47043510992435,97.1940646001623,20.516173163348107,302.81448764200167,459.04628495663775
2023-07-31,158.04224337530997,96.20482935273014,20.19904686612879,299.47165067840666,449.76310326750337
2023-08-01,151.28086545360958,95.9200266630019,20.410845590658912,297.20260873696435,441.38750182494886
2023-08-02,149.41043797905985,95.72775186713523,20.64235022493557,296.13270427622547,442.06568682251844
2023-08-03,151.59872908434883,94.48619798609363,19.466486656633474,291.4705509007593,440.7102409748727
2023-08-04,150.84159872548878,93.69121071836412,19.942290547160987,290.1738201131705,436.2654765653385
2023-08-07,151.46357037779865,93.0048238692212,18.75690779344157,290.6615956572502,436.6721453010619
2023-08-08,154.6719459798045,95.06517353894935,18.52827025136763,289.44397920113755,437.28408461910107
2023-08-09,158.66170436407796,96.61088856467158,18.918130145352904,288.6506660505121,441.341721583295
2023-08-10,158.51428097255464,96.28370110920541,18.80041225912095,288.6815175120776,442.04987916690897
2023-08-11,162.68275940007737,95.99839177104482,18.2556977212823,286.63830872502916,447.3505253068319
2023-08-14,163.02768896840573,95.05306372849623,17.86035651118973,288.98928903768666,447.52414731327127
2023-08-15,160.52853301443997,93.48921309188013,18.236735229749986,293.83095718353206,447.17641602349966
2023-08-16,158.79524037177958,93.41520852682757,17.546562411918416,292.38504690342705,451.83744868015674
2023-08-17,154.4720308547916,92.61886306856717,17.953235446885827,294.09585684407205,447.8192051578703
2023-08-18,151.9582605985934,92.57169295505506,17.93606626364166,293.39543141692184,460.03203104225327
2023-08-21,150.99050990015525,91.29625819181771,17.512783473973144,294.7118416679509,461.81042419674685
2023-08-22,153.3588039967239,90.70647183869495,17.310799784817068,300.09073585908175,463.62010044640573
2023-08-23,158.48766663941788,90.8471446963284,16.96206236526037,301.9269433147537,466.0717808431177
2023-08-24,154.45966372116993,91.16280003779016,17.263503549460506,296.0146621805831,474.56065106088386
2023-08-25,155.66927293617226,91.52091862845963,17.522976748529413,297.64138439599066,478.27717192810053
2023-08-28,152.69557959953192,90.48289576100589,16.928725521744177,301.9318272455612,471.2254154513172
2023-08-29,154.1296574079691,91.18927981229956,16.79414359145284,301.27429522083014,477.66546201521464
2023-08-30,153.80627541749863,90.56963744334973,16.506991372869457,304.7961238839927,476.2781095169257
2023-08-31,148.63148316833528,91.09830520395867,16.945675847554867,302.52093200671493,476.9096059446302
2023-09-01,151.3189897250279,91.11152129992936,16.49325017990668,297.5667533156399,471.3267799359052
2023-09-04,149.65515319330575,90.0337461348959,17.037953331940177,298.142579447919,473.8241661807265
2023-09-05,148.20862161227888,89.80447835221086,17.029143740800276,292.36054751267585,471.0639628106026
2023-09-06,145.29722187935354,90.1158386260422,16.63747674832228,291.66374610690025,471.6574124892837
2023-09-07,143.56582530250347,90.62595707950402,16.41440314840769,296.0491665392342,470.5399747928546
2023-09-08,144.78602984201865,90.53496833366452,16.153779409727782,289.8035870484228,479.32702026602084
2023-09-11,144.32354197935376,91.78822995599444,15.746437006188245,285.72443066839963,488.54235809355987
2023-09-12,145.27750060281502,92.62956564534326,15.778994853956892,282.4942541727668,488.9098841008124
2023-09-13,146.32971171068277,92.44221868386475,15.395590439094763,282.38539055778034,489.358436015002
2023-09-14,150.08435736184194,93.07802574504991,14.735846312657147,281.31033986395903,487.7870875281008
2023-09-15,149.17147053236386,94.70165462227362,14.625746873404504,285.90389625914383,493.0656313867048
2023-09-18,145.12035723537122,96.37628934290062,14.105929817635122,289.1106711215309,491.6891909169066
2023-09-19,148.13278093946937,95.36094929249474,13.895806357907363,290.835544105692,489.8886047753991
2023-09-20,147.26320362189082,94.60750368094949,13.645574686950653,291.41308571600666,494.59406799083416
2023-09-21,150.45473698075563,95.87750955754758,13.410086843627454,292.81269704378883,492.23852854298144
2023-09-22,151.60590422881154,95.0095261606152,13.964197970094972,290.06113869597027,492.2167467107738
2023-09-25,151.28767189866497,93.93023579961799,13.982239049363624,292.99165146533386,485.0682871007632
2023-09-26,152.3455605624204,93.55068678602896,14.053733187103063,289.4166248252279,488.4593003673409
2023-09-27,158.127081196495,93.92046754493818,13.561477167342325,292.2682610731466,497.6555252115565
2023-09-28,164.51919458322394,93.85810955097112,13.38593491925861,296.3242263893904,501.21520534187096
2023-09-29,164.79716458358646,93.34344295929453,13.4462275094886,297.1323712063386,508.3452101015998
2023-10-02,165.35913988936588,92.81223928383235,13.173404555771642,296.6379006368906,504.45485468876893
2023-10-03,168.8204501904775,92.25303539700732,13.418827865475953,298.0865356982372,505.7406078315247
2023-10-04,166.2065377081564,91.56210905145517,13.099429364336926,288.6658537551672,501.4101262682109
2023-10-05,167.31907873603845,93.44551404345829,13.026034892969507,289.7532299511536,500.488539002799
2023-10-06,167.30037722979154,93.71340283206314,12.875036950205525,289.47729212788477,504.31138869380453
2023-10-09,168.35926100411692,94.47172538959377,12.919743921766782,289.4073833636387,504.9546010681874
2023-10-10,165.7909982761547,94.08759579898836,12.75597232846584,291.8322619635232,498.41488040001474
2023-10-11,160.94536035293123,93.95586245981659,12.688459072471339,291.6819311473465,492.4138228398797
2023-10-12,154.82047350943364,93.388765846171,12.630150834905706,288.0308927435756,486.18110273425367
2023-10-13,151.64262776674815,91.25192403216448,12.44646916450313,287.66509098903003,488.59673885706155
2023-10-16,150.39053171158045,90.17119831302028,12.570710229357532,287.98127821599905,498.37457583277
2023-10-17,149.61594430480787,88.76396783052078,12.633208588908037,288.4527341923735,504.989923143702
2023-10-18,155.25343580162084,87.04092940287858,12.612603958755859,289.0789321081414,496.1784294054217
2023-10-19,158.59236142472665,86.14873460390078,12.505560332918538,292.6032656095683,503.0431764006992
2023-10-20,155.79364086065598,87.18211217105392,12.709937384003622,289.1182328168462,507.6725516830166
2023-10-23,156.87987306846142,87.16877421718188,12.651605896117411,289.7911555109011,500.46989367842286
2023-10-24,155.7363169813947,88.18763534799797,12.57556552924371,294.15871769671134,499.19408023110145
2023-10-25,154.9600457101486,88.52899973102872,12.604072907755187,288.525471607961,504.5460793268241
2023-10-26,155.5623512277183,89.16339522542319,13.04459601459818,289.2099553439914,507.3356317058771
2023-10-27,157.4526600777546,88.47891828206278,12.698817466799223,287.392214771071,501.25527111421326
2023-10-30,156.50538895013435,88.90994594013188,12.899411637003295,286.281892591241,504.3139372028258
2023-10-31,159.74396773653282,89.50455863562537,12.418321538753382,283.45402785497674,494.38471196857
2023-11-01,156.39247482615139,89.07180981451728,12.474751342900934,283.00369838389344,493.49908837916587
2023-11-02,156.47018696026575,89.5338232565116,12.87917109517415,289.07043610811803,498.9900683175339
2023-11-03,164.4051644995833,90.00350940337007,13.008668753611026,285.05029232620655,499.23279069285707
2023-11-06,165.16198033590152,89.58975332867266,13.055498799594988,281.3884327726875,497.03998952399166
2023-11-07,169.76054474389915,88.72821694179007,12.91082075354778,277.3571503441992,501.3911409207352
2023-11-08,170.1185312419464,87.82742538835313,12.920892809238985,282.9373935782309,506.188715750086
2023-11-09,172.06082985798759,87.91545464327397,12.857386336081783,281.55160415029013,512.6538019401945
2023-11-10,171.94109700276127,88.19043009763516,12.657230430646873,281.5633789027605,517.0683272069491
2023-11-13,171.452891273526,87.59710267162066,12.585423164384132,280.3735944547753,522.5421017322227
2023-11-14,169.00946070904018,87.63857653676901,12.637798561234852,277.47942063258387,526.3378952946774
2023-11-15,170.45368359125982,88.10169964890248,12.445766624733944,276.8325892463264,527.8250599143516
2023-11-16,167.79584854087167,88.60449974934069,12.24700465846844,284.75220749137804,528.4367836195104
2023-11-17,169.9838471870426,89.8469645074316,11.917589610676508,289.3787821804268,527.4182039984959
2023-11-20,173.5716351096969,90.88624139313319,12.013676050901342,286.6888922914285,521.5736471542103
2023-11-21,174.844004457395,90.10872154231699,12.148337434004015,288.8977931508796,517.0482210079639
2023-11-22,173.96629348181762,91.47847347436507,12.207080198962782,286.2818818559896,515.8334048797501
2023-11-23,175.5313557170906,91.0728557018611,12.448823297544038,280.66656132770714,517.1732180862743
2023-11-24,174.57619670842342,91.93792299422655,12.472813023338366,284.0243736362194,524.426226170379
2023-11-27,177.75718088003313,92.01504293191825,12.57370191847365,287.88088857956205,524.3829907513647
2023-11-28,171.774939546439,91.70309653912634,12.652897477498263,291.4126985626967,529.5442735419527
2023-11-29,170.7532838199584,90.27428509488166,12.631515654281962,289.9606543517494,535.1397082620961
2023-11-30,164.51041870707832,90.15933375048212,12.498998729325383,289.5090970214798,534.1375462666508
2023-12-01,159.98769307455888,88.94915385663245,13.071517534461213,292.0779742403641,537.3153560627285
2023-12-04,164.22680858496045,89.73263868200272,12.954965124520514,293.4750095120243,536.2478997481575
2023-12-05,167.09171306302332,90.96277078427894,12.784202860978684,292.265197139334,543.1589830760021
2023-12-06,164.8973118042084,90.34729749860928,12.898525998954625,287.0440218809325,546.6029761931419
2023-12-07,160.34139570505525,90.6098680176941,12.966173363045325,287.5104919632303,540.6576150457247
2023-12-08,151.66253988562508,90.0535652402125,12.606088980718273,291.1465394250752,541.652671632324
2023-12-11,150.16937216159445,89.57720124234953,12.896616424806615,287.3152017985702,550.3259091892
2023-12-12,157.25714522606148,90.21269205663793,12.874133823016487,289.4999914531076,549.5560072004396
2023-12-13,158.6146788456749,90.20358224053616,12.59096975294629,290.68701445076744,552.0583250217574
2023-12-14,157.00535600619259,91.62006365342039,12.898325210096145,293.26761622486856,555.0866746798828
2023-12-15,158.4511103042584,91.25303766542848,13.064045996603058,296.28012368260926,549.8478515729364
2023-12-18,153.90318524205182,92.08282910085282,12.737202910142283,294.053997253982,552.6803707303203
2023-12-19,153.09855099476735,92.18399106260995,13.20381339195503,288.8077835654498,545.6194958519353
2023-12-20,153.4444741772954,92.85540274822502,13.382391238777846,287.1613793024898,542.5730586203705
2023-12-21,153.25276308848507,92.51204044799351,13.381701178608006,290.1675894659217,548.2875486969832
2023-12-22,155.6189544682097,92.49370832314297,13.819739328846467,288.48567861400454,550.3109066380198
2023-12-25,156.69489746164768,92.42161765551296,13.866322603262105,286.3194862031385,548.9014177557016
2023-12-26,158.74636582262573,91.7645875613603,13.860609007028105,280.56029014339174,551.39422134814
2023-12-27,156.7536893622732,92.32402184352176,13.679447196032116,286.28686567259416,551.2534582454099
2023-12-28,159.4961551592044,92.87717413832388,13.842969305417569,289.07598784596706,551.4912958457734
2023-12-29,164.54446131319185,93.38693575634983,13.978757465042076,291.70759886891864,555.0981292548146
2024-01-01,161.61608818878557,94.68400775148959,13.985047811897346,295.0242159625871,551.4683391683737
2024-01-02,158.98737711375648,95.92494106758068,13.766224410688766,297.05854447469017,551.8509941332217
2024-01-03,163.1134131588965,95.63111227438696,13.804452617692224,296.3352307166078,550.3970432389657
2024-01-04,162.58593093950898,95.96918116581764,13.787165877551756,295.8838500916476,542.3816315874769
2024-01-05,167.01996940483772,95.46563675274473,13.423565787041424,294.5507736363799,537.8527810877758
2024-01-08,165.69143409152397,95.5081153699429,13.033159272515713,303.5842255514005,546.0527264639734
2024-01-09,170.37501680664872,95.0269767890081,13.184517344383506,305.60550650349455,548.2126906755977
2024-01-10,170.86329992589953,96.41746751850334,12.512748974776702,304.1036547293992,541.5682511744362
2024-01-11,171.76390204921515,96.75033443625074,12.566602476458016,305.8147081929358,533.9096440266749
2024-01-12,176.98557756938771,96.58754907291086,12.447993153988461,302.4299720489795,533.5107761280808
2024-01-15,175.84596471246317,97.63299077642743,12.782603673060525,307.7358532427394,541.6085974265089
2024-01-16,172.8112329241041,95.80465905037654,12.658029319760514,305.5393319186787,540.822645051272
2024-01-17,171.41710157566672,94.14041935075659,12.829403219580824,307.3824786065835,547.7143445843479
2024-01-18,172.95389728448424,94.82613117786828,12.729124050839712,311.223847663348,549.7105215648423
2024-01-19,167.97446743442617,94.89938139382593,12.760309280048675,312.68860576267355,552.3363627557906
2024-01-22,170.07440880009386,95.13194328955863,12.95324987747131,313.1278439471005,545.5793955467772
2024-01-23,168.41500537357297,94.04806482637946,12.835007952292127,313.27035699320226,550.6060606382347
2024-01-24,172.17300389208972,94.05126127526161,13.097469719684575,313.1740592689879,549.0377989622058
2024-01-25,164.61831063604595,95.75071997933661,12.839700369298944,311.2363306872337,553.7067679103052
2024-01-26,162.25056104481092,96.47228776695431,12.918163755138671,309.7570888608042,549.6350780781163
2024-01-29,157.2202274883065,96.639866584069,13.162699063931262,315.10248135649255,550.7274400975363
2024-01-30,154.84277700020252,96.2893914249522,13.341054353771995,314.8195991006254,552.7349754827574
2024-01-31,155.62786705752578,95.9778306838657,13.868664463653808,312.1307657507515,552.1035724562677
2024-02-01,155.1601189475988,94.21490186392874,13.65896958499459,310.4120151643502,554.3912986660607
2024-02-02,154.47715284007396,94.45177877802168,13.286511541563126,314.4138358124466,553.1703698314116
2024-02-05,154.07120723210556,95.1814220113398,13.024854376998752,316.9370790765627,549.9599727525359
2024-02-06,154.72286374702355,93.89038721227217,13.201449660337216,319.0632442009856,558.5412033342274
2024-02-07,151.85907994662483,93.36660644131355,13.336675512507435,318.2387427850415,564.2811181272876
2024-02-08,153.95928308941487,92.44045974948446,13.366252581606467,320.4209895718094,560.4138718611059
2024-02-09,155.95825351638754,91.67869792490264,13.0690958550622,318.1970885176379,563.6082181602994
2024-02-12,157.1564620961834,91.74386360227564,13.274739027282886,317.36729399145344,559.8417787814838
2024-02-13,158.8779600351237,90.09429037624407,12.953022368539301,320.9832201925615,553.7827646305726
2024-02-14,159.83069813514103,90.6053296702329,13.261238005789025,324.28889345185706,559.3937283175477
2024-02-15,166.16003212468974,91.23150649628052,14.04968333375732,320.80501014411817,550.6304207344883
2024-02-16,165.94931856780366,91.05144492326838,14.156031476567762,317.8136723548628,555.6476145315072
2024-02-19,165.05125940164677,89.10235560131775,14.325613794145148,318.31147397109754,554.4955630896997
2024-02-20,162.77888401390132,88.34389307816339,14.186175848364504,324.71095662626647,553.5612345787126
2024-02-21,159.69436878552938,89.33105040709972,13.67995272284325,317.839803963644,555.8823453095598
2024-02-22,156.04126185592796,87.18989302837598,13.516832277587064,318.95053666847997,559.1182421860043
2024-02-23,153.5000304001637,86.94384400460325,13.22433926118415,314.11705661289307,554.9429225391981
2024-02-26,153.35293284379938,86.06430068283372,12.846149451900489,311.96955736209287,558.8938909475111
2024-02-27,154.38300862529118,86.69786264940211,13.302042489702863,310.78641890585067,559.6677961899035
2024-02-28,154.5905582178493,86.20379262763272,13.377470067781582,309.4109546356692,553.2374444031008
2024-02-29,152.42760914304492,86.53211383017893,13.482326830862249,307.64613379894854,552.5227568577436
2024-03-01,155.10133268116454,86.98549531440258,13.400665461803461,307.7736057080332,559.956432338049
2024-03-04,157.34317260775637,88.42672676003968,13.356104975291396,306.01305925007586,569.0758976636507
2024-03-05,156.92832107461996,88.28969285078779,13.620432625983947,301.0804816690195,573.1254446439698
2024-03-06,155.06233172304158,88.604146836723,13.613652880453259,303.85573713222124,566.8923518754318
2024-03-07,156.73687968836322,87.47216173662468,13.762189355021986,306.56271390250686,569.7044568381848
2024-03-08,157.35396548639739,88.41644138512453,13.710031935709214,309.6106638862545,574.4827722252855
2024-03-11,153.1637753763592,87.84639449203107,13.617893646054263,304.34984261585197,578.6164977185002
2024-03-12,153.02480833608615,87.4339170361501,13.23914381241569,305.48472909517915,583.1063137978717
2024-03-13,153.8424535311373,87.43764895108386,12.723671754768244,307.9376139077934,585.2941489693914
2024-03-14,151.30586749511232,86.26133783879015,12.6587104603075,304.45917852850664,585.0766166711418
2024-03-15,151.9069386466901,86.45620208049165,12.675086661698828,304.5921205812512,581.904750163688
2024-03-18,147.84309035212388,87.2178568901004,12.3525980615651,304.2920015738999,571.7406445146582
2024-03-19,151.68106182555024,87.4643614937088,12.345917363957176,310.8182501396989,573.7577580321441
2024-03-20,155.35938732670976,86.26789759143436,12.361205117331563,317.78104574839534,574.9469737807107
2024-03-21,154.6780586687015,86.19434189423883,11.837303761491205,311.94382462437784,578.1647794072825
2024-03-22,155.8028680060176,86.78098275137555,11.62273007159001,320.99775720126746,571.0820037364265
2024-03-25,148.92238755731537,85.37591964750084,11.720346006211496,317.7894293698881,574.7528650077742
2024-03-26,145.75823854077694,84.59070861042642,11.813969004742194,321.4497784233654,586.2030755020543
2024-03-27,145.0059002793476,85.26752868792508,11.544171911033278,325.114774958217,586.821132550156
2024-03-28,142.1510191597927,85.4913000406338,11.582886347554732,321.5717680154269,586.6626051679438
2024-03-29,144.137516029968,85.8229757764454,11.825904886075616,323.48295336555236,588.561941382394
2024-04-01,149.73845771125903,87.26285148809882,12.014457800848119,323.1962228324448,600.1613009246211
2024-04-02,146.50084743511007,87.6451241523911,11.993249245903568,325.3422453691852,594.5699622962838
2024-04-03,144.25486433766233,88.17618339266566,11.882472095513364,326.3028078438401,595.8988970350001
2024-04-04,144.95279916802622,90.33114567672186,11.734485170399548,330.8693429098988,591.5980675928915
2024-04-05,149.49043096745243,90.18252067869689,11.847493020108642,331.26248036954576,588.7321083455602
2024-04-08,146.1317577167183,89.57155907634707,11.89601155377837,330.7424844002164,588.6402236395649
2024-04-09,146.8764840948502,89.93161489981411,12.049759977142743,334.9900465941951,596.3684491075179
2024-04-10,152.0771999724263,90.30203290172629,12.083695145794646,337.31406198920945,606.7937459659424
2024-04-11,147.45896840786853,89.90501001541139,12.286679811345866,340.237857757664,609.559147016234
2024-04-12,143.98613475826315,89.11143557850863,12.312025995045794,337.7958739419644,607.5837345864844
2024-04-15,142.89192571244416,90.9670609669685,12.510250069622389,333.9269189819419,622.2591642424728
2024-04-16,141.54637022193768,91.25144709857892,12.733755987770326,331.89456369773694,619.9440044908607
2024-04-17,143.79103116642716,90.68569163396488,12.530838109937552,329.67602377646824,616.8000673865323
2024-04-18,144.50368323013907,91.44303633480533,12.084188532426692,332.7387433494961,606.7311616651937
2024-04-19,139.78958823229067,91.3768846978865,12.468004525676646,336.553385606821,614.9802303671527
2024-04-22,141.21106359404948,91.19510551009424,12.534607851583235,336.0736437211099,620.8265171399937
2024-04-23,139.7308680096019,91.67034151994079,12.110666921399398,341.68455237786077,635.371773279973
2024-04-24,143.1910816756015,90.6534917700286,11.939489453614044,347.14323440328536,627.2800149561427
2024-04-25,141.55617974512663,90.95757820217497,12.128582282691408,348.2184100576662,636.1815348623866
2024-04-26,139.91607162007716,92.52721234301545,12.06225375598988,345.10304755160786,636.8022533917657
2024-04-29,141.40755255754559,92.93060001395307,11.940223575747211,351.4398921627832,641.8718057489114
2024-04-30,143.5152217041578,92.64490767339862,12.284102232203493,351.3136312337122,632.1527599762503
2024-05-01,144.79028284733099,92.25353748052021,12.029338833713595,351.93358517653604,641.1834715766215
2024-05-02,140.3035878286055,91.94224970373698,11.83916706292521,350.69758116755804,646.1683204464244
2024-05-03,141.79090021129565,91.75847084257306,11.891553957186463,347.2925560329296,646.1326753798727
2024-05-06,139.09871179367033,91.47509563578936,11.987365216651398,341.670649370048,650.2865451659163
2024-05-07,139.7712450884811,92.23934294363534,12.10976921336084,344.24577052744587,645.8016115573089
2024-05-08,136.1119971001998,90.86184571560332,12.336166335796253,341.3148817754001,642.4761269620258
2024-05-09,137.31667225915317,91.57709526623732,12.387553734988957,353.4810302058791,639.8687131585646
2024-05-10,135.29038014410122,91.29276655246738,12.51228871616686,349.27076205549525,628.9607706025088
2024-05-13,132.1002230607921,91.6186462915992,12.448997024778162,344.4409288302279,634.3014021928416
2024-05-14,133.94480563008273,90.73422264254381,12.4666603199205,346.5543205024506,641.6841731820053
2024-05-15,134.60861951423536,91.82558076359727,12.495637210505873,352.7335302449147,637.6449739290179
2024-05-16,133.10594184614192,92.86206991189358,12.551868002672231,353.1093624520877,639.946366500481
2024-05-17,136.85843260920575,93.67365204494256,12.750830494712648,355.5262109791643,638.5421892517708
2024-05-20,135.77464496756116,92.45268150364399,12.89630788130995,348.2872788854784,640.7261523650888
2024-05-21,135.90828064365473,93.1534386674675,12.909795430316638,345.7368491550631,637.1369334922172
2024-05-22,136.65222870029925,93.50897181166559,12.702894493992062,341.66708103905165,632.0379979113375
2024-05-23,135.11221028751334,92.21650375869558,12.722193309044323,334.51494433373824,638.552048421395
2024-05-24,136.37197244379215,92.2187728756481,12.716967886603559,335.070355455903,638.3662438497042
2024-05-27,135.05497611733463,92.53782696601152,12.768552329606344,326.76517411182834,650.8842364235218
2024-05-28,134.05895650276562,93.01497604551517,13.351365126048439,322.0098185846387,651.3726400520194
2024-05-29,137.60787935052755,93.18275758642301,13.213173676621148,320.1608008325045,645.8994071913899
2024-05-30,134.97909880167484,93.4447178695724,13.328183488286117,317.2626616633855,653.63544780305
2024-05-31,129.01125705857515,94.68967147433736,13.620458876063212,318.79791478831834,657.7485911996193
2024-06-03,133.04940112948378,95.74193743110128,13.649494563707451,320.01084935342277,662.4887529533719
2024-06-04,139.66898780622716,93.37375042366156,14.310349100260844,323.37807976842765,670.1933145824088
2024-06-05,138.65562834778237,93.13495823034907,14.203897535086039,326.2571694118347,666.2802346687763
2024-06-06,133.72260613087238,93.02203572027824,14.299197175956353,330.6148406502917,665.6875551629777
2024-06-07,132.9903992238069,91.61758600599657,14.072956150377431,330.7176074367422,664.8177051216654
2024-06-10,132.32285640423166,91.71562392458145,13.97573830131844,331.96793814462524,656.9638322188258
2024-06-11,131.8984857064142,92.75342637684409,14.048208124281437,334.01000655907137,655.534395685776
2024-06-12,129.20089349748778,91.89079893674004,14.292125290553072,334.65820518008036,664.0721964821666
2024-06-13,130.67301931620653,92.18584282802121,14.386568411507524,333.2651793567611,665.7711597331634
2024-06-14,132.024486473245,91.46612226684061,14.75866488270597,332.1217116674964,657.5622415200017
2024-06-17,128.39645495205338,90.94744726386303,14.73270728449171,329.1665329732603,648.1684542931634
2024-06-18,130.15334624697974,92.16220414269861,14.636641662588065,330.85394595973077,658.6509829467052
2024-06-19,135.3524917818798,91.74418368226709,15.458967754897175,330.6113561543105,658.2947923006725
2024-06-20,135.84426981584122,92.14093542786031,15.584710296588028,328.243723235758,654.4844930053863
2024-06-21,135.03193317781674,90.65450276771473,15.36267564185403,325.8964785108786,652.9962675149258
2024-06-24,134.72082417268996,92.17773301497468,15.151504504638975,321.5611373794028,644.1455224954808
2024-06-25,136.34779155239667,92.69109244763342,14.868593381349646,325.25817310238637,653.0698898338652
2024-06-26,132.01021121963413,92.56413627770341,15.154304143462815,325.65652642539374,650.8522456435772
2024-06-27,132.47089404578284,93.05739947462914,15.045717601089832,322.59334398163395,659.5223633772213
2024-06-28,131.54656071140002,91.92949748943788,15.086718094624418,325.67278244759353,660.050563864737
2024-07-01,136.27275888581426,92.91543527634005,15.06973629900645,323.71736018681867,669.2359921331908
2024-07-02,135.8761604720943,92.6724648257844,15.295948405996278,318.70155850624104,671.0708945878308
2024-07-03,140.2800782891204,92.52793121877465,15.039396554242952,322.52066884479376,676.7145722960569
2024-07-04,137.43612021920364,92.14961001034246,14.719095492965945,320.66906971635393,681.5413116197134
2024-07-05,139.0223022544197,91.70083425205534,14.788073937581364,319.2918949836623,685.7813978720877
2024-07-08,139.91672859245637,92.2863999659663,14.970613950537507,319.5472636483784,688.2547783356147
2024-07-09,137.68947723305203,92.51701373183052,15.073623061888151,323.82183630635853,686.9567629914371
2024-07-10,138.20394276356066,93.07255283940152,14.831945199512122,324.00314346903684,699.7219283249323
2024-07-11,141.46069103492988,93.08756916805521,15.038206955951015,319.7338871975529,693.9679388935256
2024-07-12,140.65073669333225,93.53217922129316,14.816674981481539,321.81877371421206,694.2130940172735
2024-07-15,136.27592194758282,93.20958223216485,14.6639774366149,320.16031210283364,694.5277537323624
2024-07-16,136.28206511900754,95.08334335007854,14.389800048275971,327.19667117975837,697.3917686457098
2024-07-17,134.02810768962718,93.79999922909185,14.774496439467177,327.3013395572646,694.7844796135612
2024-07-18,133.21400368304404,94.87157724592373,14.966659498102786,319.2169269648891,697.0716960446806
2024-07-19,133.05891572913538,96.04596291610184,15.152636079920542,320.61966329482163,696.1779874719381
2024-07-22,128.88688930397504,95.34962621416398,15.54081677086229,327.87675052290257,686.0632403171588
2024-07-23,125.0581843885455,97.26601484809713,16.44993540708852,333.89934099604415,686.3396152266222
2024-07-24,126.25028115331608,98.14715499459655,15.89525694180299,341.0172911419737,679.4513989074011
2024-07-25,125.05639860790356,99.01501089992506,15.662831020950946,337.208936957712,668.615931084439
2024-07-26,119.1844980621003,99.0631460055005,15.471869447420545,340.82805237748556,669.6904780226513
2024-07-29,121.01104696018041,98.89716960742894,15.21111723364418,338.161636608415,672.995199611577
2024-07-30,121.68139681504788,98.73827831359938,14.886555485653817,339.13550199419296,676.5643232474098
2024-07-31,120.09608675618756,99.10260634356113,14.799183635377924,334.3867824557723,680.4125360836039
2024-08-01,117.1884564257769,100.35881675571723,14.442880035486299,332.0625824329285,668.3089289773303
2024-08-02,119.09906744475407,100.5434388438205,14.542993766538999,329.6356901321647,659.9754477911895
2024-08-05,119.9331778744056,99.76232161496819,14.560399171680002,333.122161551036,672.6083130187305
2024-08-06,125.50413064943928,100.514322045672,14.704536516287508,336.272255242142,666.1936979911092
2024-08-07,126.55240280506874,101.35841515981525,14.858095445200577,337.44161261782705,670.2594466869208
2024-08-08,127.53111303241289,101.96966258184175,15.04212063714925,332.42447644660666,666.1310486219028
2024-08-09,127.17736683456714,102.66681248671559,14.931619223221078,331.36204741091524,666.8410805679223
2024-08-12,129.20435504009464,102.44626753941637,15.586314602690187,328.6797756301843,663.070001612307
2024-08-13,130.78899280065383,101.63463945266835,15.662556311766593,332.04738554539205,666.8059892417275
2024-08-14,133.9702346594685,100.88351748531969,15.08774341981018,336.62501189602295,667.8770013264116
2024-08-15,132.70684902914567,99.46263219927803,14.788216669238988,340.7947577994398,665.2617595769946
2024-08-16,131.668988362471,99.69450868449738,14.280563522791955,338.0012417116947,658.8987579194237
2024-08-19,130.531410914356,99.6449668254154,14.287754190098541,327.772156790653,660.7744929284916
2024-08-20,132.54677823162012,99.28277571198855,14.254910242411096,321.37729221317295,653.4499912334371
2024-08-21,136.40511241979803,96.75140752665568,14.12311503842788,326.7084139082438,656.2998820745308
2024-08-22,135.2784084493292,95.71580752034195,14.709642747555003,325.33349961009196,673.0019798110536
2024-08-23,134.2474118846342,96.68973434196096,14.875620587803024,322.68316596249866,681.8561277478756
2024-08-26,135.09752710595203,96.14761584149349,15.097277147133562,328.8591317591715,686.7147045288581
2024-08-27,134.52223064078208,96.47690796943661,14.818845229407463,333.72176042435854,686.3738950688225
2024-08-28,137.016119014869,95.32364396723881,14.525602723724173,333.92531336942955,674.1249809623616
2024-08-29,131.35728396614374,96.56389937424385,14.538622004212725,332.9269233994469,665.9626536696715
2024-08-30,129.3697646186566,96.46436284639016,14.591660388462152,332.5391738914528,674.2947612504203
2024-09-02,127.51900365228927,96.73453246463005,14.057898429068958,333.50771318357204,669.4907528602141
2024-09-03,122.09406582592997,98.76277738289869,14.00905244550743,339.7266635610096,665.2896713041815
2024-09-04,119.93593296929693,100.11639109644646,14.015184635842626,341.47150457606824,664.4567515848123
2024-09-05,117.92394319541332,99.86993150108773,13.956681126578474,344.4087465416914,658.0276146682099
2024-09-06,117.52091654043667,99.3725414944552,13.731821630110305,349.1214951266552,650.6471760851413
2024-09-09,120.06417521805595,99.11132216828156,13.585375013068626,344.6362957287274,650.540195609865
2024-09-10,119.55447992648753,99.5818036373451,13.539111831800719,347.714421388401,645.2845784542407
2024-09-11,117.29224047310987,99.51320538021349,13.566004498682256,346.6702218112563,640.9823740582167
2024-09-12,117.21024017304147,99.19062620454804,13.734520591029732,337.0315885336264,636.4672081184892
2024-09-13,119.60250052400647,100.50643217588741,14.039213747267,329.1053873556809,639.8163855957818
2024-09-16,117.46105652707233,100.42923795161849,13.958307796798827,325.43612208276124,638.6140977592429
2024-09-17,115.5005834143844,102.51126940354598,13.832675671858471,327.51119633729286,637.7367046848515
2024-09-18,116.77022890998322,102.61785069796785,13.957400550612435,328.04314758415427,641.5445434992754
2024-09-19,116.32622092679432,104.27126473766924,14.132502936854113,328.83898013830503,640.8843183103253
2024-09-20,117.8027703239821,104.62535984366782,14.011502894882733,336.3063055437837,639.4012675346947
2024-09-23,117.81679958481234,105.54288582794294,14.23872592952748,331.61172595666557,642.4506837558719
2024-09-24,119.43449389168336,104.89562321685135,14.524922736530392,331.618847290431,646.7219394858695
2024-09-25,117.16508219171621,104.13365636890592,14.910384303530826,332.87624128609053,646.0256566852631
2024-09-26,117.18249488380738,104.58167507123756,15.456960992428266,330.2185673030624,646.7199721234945
2024-09-27,116.76084955544654,105.52263237314466,15.191683076899283,330.4345132437895,642.1607538852808
2024-09-30,114.15151301979749,105.58532276434163,15.198279671326988,324.60183709732325,637.158519279352
2024-10-01,110.86981284743365,104.41917620274569,15.204075960150817,329.94259610488234,642.0066990169928
2024-10-02,112.35832318269816,103.19866081728554,15.176384040897776,327.5112629792186,644.9130784013989
2024-10-03,111.65767148286858,101.9322732754771,14.981357519579868,335.2541489333327,647.8960140982242
2024-10-04,109.56252476957096,100.3795531264135,14.541613696340892,335.2421857569532,649.8207369546767
2024-10-07,109.404799684272,100.50052902320991,14.571049649849689,339.28578797087636,650.307686979716
2024-10-08,111.80421917450198,101.52690477751983,14.34931252633677,339.1935629378106,654.8057254705193
2024-10-09,107.128000818884,101.53914689561616,14.376421480195916,339.1881146482556,660.8236665462015
2024-10-10,104.17972787817972,99.55878884562,14.15031693906447,337.0614080378809,666.7464454411139
2024-10-11,102.4170937701016,99.41518336192755,13.842228582359297,337.6292539041785,666.3200229557958
2024-10-14,105.3243144735173,99.29626815361837,13.909901730161758,338.96156300248094,675.321193207343
2024-10-15,105.92821792161988,101.17299254691113,13.954432524548201,336.0723961682088,676.9921448832634
2024-10-16,107.51599124209935,99.9050254886673,14.120510653607488,335.70784433802027,681.2624107136986
2024-10-17,105.26379789134744,99.58518672535274,14.75888444561177,333.5043602927652,683.2942204073884
2024-10-18,103.09896014621687,101.1188463200258,14.843897478109778,342.42895955784934,685.1049494472601
2024-10-21,104.01438147512027,101.54518239262981,14.992066094103443,342.19450628609917,680.5711244562223
2024-10-22,104.1682560489438,102.07529113717362,14.672184753848448,348.3588520725861,685.3104704192467
2024-10-23,105.29380773900135,102.20290663569537,14.298660482975823,347.70260237717736,704.2053345179529
2024-10-24,104.9605900957327,102.52522187851477,14.764515065741517,348.8423527107592,701.9351363585846
2024-10-25,105.55354437185512,103.25540671542586,14.49443868415357,343.76895461279423,702.6257146332513
2024-10-28,105.90934662828491,102.54538554096249,14.19479106132737,342.1444448083696,699.8881908807699
2024-10-29,107.51806864995288,103.36724413460287,14.18579169357751,343.0762685019577,696.8859310587351
2024-10-30,109.21156027538746,102.14754262796264,14.162204183429903,349.4179996802969,707.3516433682701
2024-10-31,105.95889140177698,102.46825944516664,13.90902466522567,350.41511695766803,703.0875612656369
2024-11-01,101.59139150699099,102.65443244299178,13.825907289355806,356.0748472827866,700.1637934874268
2024-11-04,103.57199709582633,102.12239219417428,14.17500249043192,358.79050937836394,689.9550159253572
2024-11-05,105.96298908435286,102.12635702654852,13.948705239406149,365.5942877708606,685.247538632186
2024-11-06,103.97795396885444,101.59145647490914,13.564374873161858,365.4711265948424,674.4852326391949
2024-11-07,100.42471017559504,100.65983008942305,13.82670311656761,375.63667891652426,678.736020354684
2024-11-08,100.65077586354579,100.37037694599569,13.966749542886799,373.69914959192437,697.1491852819926
2024-11-11,102.4756319966985,99.4216341806934,13.795258700542039,370.5886695892775,694.9550297490775
2024-11-12,106.05664743623826,99.72889282313523,13.364279514532171,365.6602305059553,684.3094694235833
2024-11-13,107.13689960651745,98.74606163589051,13.167204256859561,375.5788535560595,690.369494440388
2024-11-14,106.4270369304228,99.39178425205475,13.154717538973479,379.21095020754746,685.858033615124
2024-11-15,104.68523154995785,98.38503210747936,13.46955766566176,377.90264659912674,694.5476932848171
